INSERT INTO Department (dep_id, dep_name, contact_email) VALUES
('DEP001', 'Information and Communication Technology', 'ictdept@tec.lk'),
('DEP002', 'Engineering Technology', 'engdept@tec.lk'),
('DEP003', 'Bio Systems Technology', 'bstdept@tec.lk'), 
('DEP004', 'Multi disciplinary','multidis@tec.lk'); 


INSERT INTO User (id, f_name, l_name, type, nic, email, contact_no) VALUES
('Ad_001', 'Ravindra', 'Perera', 'Admin', '842536789012', 'ravindra.perera.admin@tec.lk', '0771234567'),
('De_001', 'Manoj', 'Silva', 'Dean', '801234567890', 'manoj.silva.dean@tec.lk', '0712345678'),
('Lec_003', 'Nishantha', 'Fernando', 'Lecturer', '861112233445', 'nishantha.fernando.lec@tec.lk', '0778765432'),
('Lec_004', 'Chamila', 'Wijesinghe', 'Lecturer', '881223344556', 'chamila.wijesinghe.lec@tec.lk', '0759876543'),
('Lec_005', 'Kavindu', 'Jayasinghe', 'Lecturer', '890987654321', 'kavindu.jayasinghe.lec@tec.lk', '0787654321'),
('Lec_006', 'Tharindu', 'Perera', 'Lecturer', '870112345678', 'tharindu.perera.lec@tec.lk', '0712345678'),
('Lec_007', 'Dilani', 'Senanayake', 'Lecturer', '860223456789', 'dilani.senanayake.lec@tec.lk', '0723456789'),
('Lec_008', 'Roshan', 'Kumarasinghe', 'Lecturer', '880334567890', 'roshan.kumarasinghe.lec@tec.lk', '0734567890'),
('Lec_009', 'Nadeesha', 'De Silva', 'Lecturer', '890445678901', 'nadeesha.desilva.lec@tec.lk', '0745678901'),
('Lec_010', 'Ravindu', 'Fernando', 'Lecturer', '900556789012', 'ravindu.fernando.lec@tec.lk', '0756789012'),
('Lec_011', 'Sanduni', 'Gunawardena', 'Lecturer', '910667890123', 'sanduni.gunawardena.lec@tec.lk', '0767890123'),
('Lec_012', 'Chamika', 'Jayawardena', 'Lecturer', '920778901234', 'chamika.jayawardena.lec@tec.lk', '0778901234'),
('Lec_013', 'Kasun', 'Rajapaksha', 'Lecturer', '930889012345', 'kasun.rajapaksha.lec@tec.lk', '0789012345'),
('Lec_014', 'Pavithra', 'Amarasuriya', 'Lecturer', '940990123456', 'pavithra.amarasuriya.lec@tec.lk', '0790123456'),
('Lec_015', 'Arjun', 'Sharma', 'Lecturer', '950112345678', 'arjun.sharma.lec@tec.lk', '0712345678'),
('Lec_016', 'Priya', 'Reddy', 'Lecturer', '960223456789', 'priya.reddy.lec@tec.lk', '0723456789'),
('TO_001', 'Sanduni', 'Abeysekara', 'Technical Officer', '905678912345', 'sanduni.abeysekara.to@tec.lk', '0765432198'),
('TO_002', 'Tharindu', 'Gunawardena', 'Technical Officer', '915123456789', 'tharindu.gunawardena.to@tec.lk', '0723456789'), 
('TO_003', 'Ameer', 'Faisal', 'Technical Officer', '925678901234', 'ameer.faisal.to@tec.lk', '0709876543'),
('TO_004', 'Nazeera', 'Hassan', 'Technical Officer', '935789012345', 'nazeera.hassan.to@tec.lk', '0718765432'),
('TO_005', 'Fathima', 'Rizwan', 'Technical Officer', '945890123456', 'fathima.rizwan.to@tec.lk', '0727654321'),
('TG/2023/1780', 'Isuru', 'Perera', 'Student', '200345678901', 'isuru.perera1780@tec.lk', '0777894561'),
('TG/2023/1781', 'Dilini', 'Fernando', 'Student', '200347891234', 'dilini.fernando1781@tec.lk', '0719632584'),
('TG/2023/1782', 'Rashmi', 'Wijeratne', 'Student', '200358974123', 'rashmi.wijeratne1782@tec.lk', '0757418529'),
('TG/2023/1783', 'Thivanka', 'Rajapaksha', 'Student', '200361234567', 'thivanka.rajapaksha1783@tec.lk', '0789513574'),
('TG/2023/1784', 'Nadeesha', 'Senanayake', 'Student', '200378965432', 'nadeesha.senanayake1784@tec.lk', '0748529631'),
('TG/2023/1785', 'Kavindi', 'Perera', 'Student', '200389012346', 'kavindi.perera1785@tec.lk', '0771234567'),
('TG/2023/1786', 'Roshan', 'Fernando', 'Student', '200390123457', 'roshan.fernando1786@tec.lk', '0712345678'),
('TG/2023/1787', 'Chamika', 'Kumarasinghe', 'Student', '200301234568', 'chamika.kumarasinghe1787@tec.lk', '0753456789'),
('TG/2023/1788', 'Sanduni', 'De Silva', 'Student', '200312345679', 'sanduni.desilva1788@tec.lk', '0784567890'),
('TG/2023/1789', 'Ravindu', 'Jayasinghe', 'Student', '200323456780', 'ravindu.jayasinghe1789@tec.lk', '0745678901'),
('TG/2023/1790', 'Tharindu', 'Gunawardena', 'Student', '200334567891', 'tharindu.gunawardena1790@tec.lk', '0726789012'),
('TG/2023/1791', 'Dilani', 'Amarasuriya', 'Student', '200345678912', 'dilani.amarasuriya1791@tec.lk', '0737890123'),
('TG/2023/1792', 'Kasun', 'Rajapaksha', 'Student', '200356789123', 'kasun.rajapaksha1792@tec.lk', '0768901234'),
('TG/2023/1793', 'Pavithra', 'Senarath', 'Student', '200367891234', 'pavithra.senarath1793@tec.lk', '0779012345'),
('TG/2023/1794', 'Isuru', 'Jayawardena', 'Student', '200378901235', 'isuru.jayawardena1794@tec.lk', '0710123456'),
('TG/2023/1795', 'Nisansala', 'Perera', 'Student', '200389012347', 'nisansala.perera1795@tec.lk', '0721234567'),
('TG/2023/1796', 'Himasha', 'Fernando', 'Student', '200390123458', 'himasha.fernando1796@tec.lk', '0732345678'),
('TG/2023/1797', 'Ravindu', 'Wijesinghe', 'Student', '200301234569', 'ravindu.wijesinghe1797@tec.lk', '0743456789'),
('TG/2023/1798', 'Tharushi', 'Senanayake', 'Student', '200312345670', 'tharushi.senanayake1798@tec.lk', '0754567890'),
('TG/2023/1799', 'Kasun', 'De Silva', 'Student', '200323456781', 'kasun.desilva1799@tec.lk', '0765678901'),
('TG/2023/1800', 'Pavithra', 'Jayasinghe', 'Student', '200334567892', 'pavithra.jayasinghe1800@tec.lk', '0776789012'),
('TG/2022/1500', 'Supun', 'Jayasinghe', 'Student', '200234567892', 'supun.jayasinghe1800@tec.lk', '0776789123'),
('TG/2022/1501', 'Tharushi', 'Wikramanayake', 'Student', '200212345670', 'tharushi.wikramanayake1798@tec.lk', '07545678123'),
('TG/2022/1502', 'Kusum', 'De Silva', 'Student', '200223456781', 'kusum.desilva1799@tec.lk', '0765612301'),
('TG/2022/1503', 'Bandara', 'Senarath', 'Student', '200267891234', 'bandara.senarath1793@tec.lk', '0760712345'),
('TG/2022/1504', 'Dilmi', 'Fernando', 'Student', '200247891234', 'dilmi.fernando1781@tec.lk', '0719632235');



INSERT INTO Lecturer (lec_id, designation, department_id) VALUES
('Lec_003', 'Lecturer', 'DEP001'),
('Lec_004', 'Lecturer', 'DEP001'),
('Lec_005', 'Lecturer', 'DEP003'),
('Lec_006', 'Lecturer', 'DEP001'),
('Lec_007', 'Lecturer', 'DEP002'),
('Lec_008', 'Lecturer', 'DEP003'),
('Lec_009', 'Lecturer', 'DEP001'),
('Lec_010', 'Lecturer', 'DEP001'),
('Lec_011', 'Lecturer', 'DEP003'),
('Lec_012', 'Lecturer', 'DEP001'),
('Lec_013', 'Lecturer', 'DEP002'),
('Lec_014', 'Lecturer', 'DEP001'),
('Lec_015', 'Lecturer', 'DEP004'),
('Lec_016', 'Lecturer', 'DEP004');

INSERT INTO Lecturer_Degree (lec_id, degree) VALUES
('Lec_003', 'BSc in IT'),
('Lec_003', 'MSc in Computer Science'),
('Lec_004', 'BEng in Mechanical Engineering'),
('Lec_004', 'MEng in Electrical Engineering'),
('Lec_005', 'BSc in Bio System Technology'),
('Lec_006', 'BSc in IT'),
('Lec_006', 'PhD in Computer Science'),
('Lec_007', 'BEng in Civil Engineering'),
('Lec_008', 'BSc in Bioinformatics'),
('Lec_008', 'MSc in Bio System Technology'),
('Lec_009', 'BSc in Software Engineering'),
('Lec_010', 'BEng in Electrical Engineering'),
('Lec_011', 'BSc in Biotechnology'),
('Lec_012', 'BSc in IT'),
('Lec_013', 'BEng in Mechanical Engineering'),
('Lec_014', 'BSc in Bio System Technology'),
('Lec_014', 'MSc in Bio System Technology'),
('Lec_015', 'Bachelour of English literature'), 
('Lec_016', 'BSc in Management');






--razim



INSERT INTO Technical_Officer (id, hash_pwd) VALUES
('TO_001', 'a8f2b9c7d4e6f1a2b3c4d5e6f7a8b9c0'),
('TO_002', 'b1c2d3e4f5a6b7c8d9e0f1a2b3c4d5e6'),
('TO_003', 'c3d4e5f6a7b8c9d0e1f2a3b4c5d6e7f8'),
('TO_004', 'd4e5f6a7b8c9d0e1f2a3b4c5d6e7f8a9'),
('TO_005', 'e5f6a7b8c9d0e1f2a3b4c5d6e7f8a9b0');






INSERT INTO Admin (id, hash_pwd) VALUES
('Ad_001', 'd4c3b2a1f6e5d4c3b2a1f0e9d8c7b6a5');


INSERT INTO Dean (id, appoint_date, office_room) VALUES
('De_001', '2021-06-15', 'Office Room A201');


INSERT INTO Student (reg_no, year, dob, status, gender, department_id, mentor_id) VALUES
('TG/2023/1780', 1, '2003-01-14', 'Proper', 'M', 'DEP001', 'Lec_003'),
('TG/2023/1781', 1, '2003-02-20', 'Proper', 'F', 'DEP001', 'Lec_006'),
('TG/2023/1782', 1, '2003-03-10', 'Proper', 'F', 'DEP001', 'Lec_009'),
('TG/2023/1783', 1, '2003-04-25', 'Proper', 'M', 'DEP001', 'Lec_012'),
('TG/2023/1784', 1, '2003-05-12', 'Proper', 'F', 'DEP001', 'Lec_004'),
('TG/2023/1785', 1, '2003-06-23', 'Proper', 'M', 'DEP001', 'Lec_007'),
('TG/2023/1786', 1, '2003-07-05', 'Proper', 'M', 'DEP001', 'Lec_010'),
('TG/2023/1787', 1, '2003-08-14', 'Proper', 'F', 'DEP001', 'Lec_013'),
('TG/2023/1788', 1, '2003-09-03', 'Proper', 'F', 'DEP001', 'Lec_005'),
('TG/2023/1789', 1, '2003-10-21', 'Proper', 'M', 'DEP001', 'Lec_008'),
('TG/2023/1790', 1, '2003-03-30', 'Proper', 'M', 'DEP001', 'Lec_011'),
('TG/2023/1791', 1, '2003-07-09', 'Proper', 'F', 'DEP001', 'Lec_014'),
('TG/2023/1792', 1, '2003-05-19', 'Proper', 'M', 'DEP001', 'Lec_003'),
('TG/2023/1793', 1, '2003-02-27', 'Proper', 'F', 'DEP001', 'Lec_004'),
('TG/2023/1794', 1, '2003-01-10', 'Proper', 'F', 'DEP001', 'Lec_005'),
('TG/2023/1795', 1, '2003-09-17', 'Proper', 'F', 'DEP001', 'Lec_006'),
('TG/2023/1796', 1, '2003-11-23', 'Proper', 'M', 'DEP001', 'Lec_007'),
('TG/2023/1797', 1, '2003-08-14', 'Proper', 'M', 'DEP001', 'Lec_008'),
('TG/2023/1798', 1, '2003-04-05', 'Proper', 'F', 'DEP001', 'Lec_009'),
('TG/2023/1799', 1, '2003-06-02', 'Proper', 'M', 'DEP001', 'Lec_010'),
('TG/2023/1800', 1, '2003-08-02', 'Suspended', 'M', 'DEP001', 'Lec_010'),
('TG/2022/1500', 2, '2002-08-02', 'Repeat', 'M', 'DEP001', 'Lec_010'),
('TG/2022/1501', 2, '2002-07-03', 'Repeat', 'F', 'DEP001', 'Lec_010'),
('TG/2022/1502', 2, '2002-06-02', 'Repeat', 'M', 'DEP001', 'Lec_010'),
('TG/2022/1503', 2, '2002-05-02', 'Repeat', 'M', 'DEP001', 'Lec_010'),
('TG/2022/1504', 2, '2002-04-02', 'Repeat', 'F', 'DEP001', 'Lec_010'); 

INSERT INTO medical (
        ref_no,
        start_date,
        end_date,
        status,
        reason,
        reg_no
    )
VALUES (
        'REF001',
        '2024-03-10',
        '2024-03-15',
        'Approved',
        'Fever and viral infection',
        'TG/2023/1780'
    ),
    (
        'REF002',
        '2024-04-01',
        '2024-04-04',
        'Pending',
        'Food poisoning',
        'TG/2023/1783'
    ),
    (
        'REF003',
        '2024-05-12',
        '2024-05-14',
        'Approved',
        'Fracture due to accident',
        'TG/2023/1787'
    ),
    (
        'REF004',
        '2024-06-18',
        '2024-06-20',
        'Rejected',
        'No valid medical certificate',
        'TG/2023/1792'
    ),
    (
        'REF005',
        '2024-07-09',
        '2024-07-11',
        'Approved',
        'Surgery recovery period',
        'TG/2023/1795'
    ),
    (
        'REF006',
        '2024-08-21',
        '2024-08-23',
        'Pending',
        'Severe flu',
        'TG/2023/1799'
    ),
    (
        'REF042',
        '2024-05-05',
        '2024-05-07',
        'Approved',
        'Severe flu',
        'TG/2023/1780'
    ),
    (
        'REF043',
        '2024-05-12',
        '2024-05-14',
        'Approved',
        'Sprained ankle',
        'TG/2023/1783'
    ),
    (
        'REF044',
        '2024-06-01',
        '2024-06-03',
        'Approved',
        'Fracture recovery',
        'TG/2023/1787'
    ),
    (
        'REF063',
        '2024-06-10',
        '2024-06-12',
        'Approved',
        'Viral infection',
        'TG/2023/1780'
    ),
    (
        'REF064',
        '2024-06-15',
        '2024-06-18',
        'Approved',
        'Food poisoning',
        'TG/2023/1783'
    ),
    (
        'REF065',
        '2024-07-01',
        '2024-07-03',
        'Approved',
        'Minor surgery recovery',
        'TG/2023/1787'
    ),
    (
        'REF084',
        '2024-07-10',
        '2024-07-12',
        'Approved',
        'High fever',
        'TG/2023/1780'
    ),
    (
        'REF085',
        '2024-07-15',
        '2024-07-17',
        'Approved',
        'Gastroenteritis',
        'TG/2023/1783'
    ),
    (
        'REF086',
        '2024-08-01',
        '2024-08-03',
        'Approved',
        'Fracture treatment',
        'TG/2023/1787'
    ),
    (
        'REF105',
        '2024-08-05',
        '2024-08-07',
        'Approved',
        'Fever and viral infection',
        'TG/2023/1780'
    ),
    (
        'REF106',
        '2024-08-10',
        '2024-08-12',
        'Approved',
        'Food poisoning',
        'TG/2023/1783'
    ),
    (
        'REF107',
        '2024-08-15',
        '2024-08-17',
        'Approved',
        'Surgery recovery',
        'TG/2023/1787'
    ),
    (
        'REF126',
        '2024-09-01',
        '2024-09-03',
        'Approved',
        'High fever',
        'TG/2023/1780'
    ),
    (
        'REF127',
        '2024-09-05',
        '2024-09-07',
        'Approved',
        'Gastroenteritis',
        'TG/2023/1783'
    ),
    (
        'REF128',
        '2024-09-10',
        '2024-09-12',
        'Approved',
        'Fracture treatment',
        'TG/2023/1787'
    ),
    (
        'REF147',
        '2024-09-15',
        '2024-09-17',
        'Approved',
        'Severe flu',
        'TG/2023/1780'
    ),
    (
        'REF148',
        '2024-09-20',
        '2024-09-22',
        'Approved',
        'Food poisoning',
        'TG/2023/1783'
    ),
    (
        'REF149',
        '2024-09-25',
        '2024-09-27',
        'Approved',
        'Surgery recovery',
        'TG/2023/1787'
    );
INSERT INTO course_unit (course_code, credits, title, type,session_hour, department_id)
VALUES ('ENG1222', 0, 'English', 'Theory',2, 'DEP004'),
    (
        'ICT1212',
        2,
        'Database Management Systems',
        'Theory',
        2,
        'DEP001'
    ),
    (
        'ICT1222',
        2,
        'Database Management Systems Practicum',
        'Practical',
        4,
        'DEP001'
    ),
    (
        'ICT1233',
        3,
        'Server Side Web Development',
        'Both',
        4,
        'DEP001'
    ),
    (
        'ICT1242',
        2,
        'Computer Architecture',
        'Theory',
        2,
        'DEP001'
    ),
    (
        'ICT1253',
        3,
        'Computer Networks',
        'Both',
        4,
        'DEP001'
    ),
    (
        'TCS1212',
        2,
        'Fundamentals of Management',
        'Theory',
        2,
        'DEP004'
    ),
    (
        'TMS1233',
        3,
        'Discrete Mathematics',
        'Theory',
        3,
        'DEP003'
    );
INSERT INTO Student_Course (reg_no, course_code)
VALUES ('TG/2023/1780', 'ICT1253'),
    ('TG/2023/1780', 'ICT1242'),
    ('TG/2023/1781', 'ENG1222'),
    ('TG/2023/1781', 'ICT1212'),
    ('TG/2023/1781', 'ICT1222'),
    ('TG/2023/1782', 'ENG1222'),
    ('TG/2023/1782', 'ICT1212'),
    ('TG/2023/1782', 'ICT1233'),
    ('TG/2023/1782', 'TCS1212'),
    ('TG/2023/1783', 'ICT1222'),
    ('TG/2023/1783', 'ICT1253'),
    ('TG/2023/1783', 'TMS1233'),
    ('TG/2023/1784', 'ICT1212'),
    ('TG/2023/1784', 'ICT1222'),
    ('TG/2023/1784', 'ICT1233'),
    ('TG/2023/1784', 'ICT1242'),
    ('TG/2023/1785', 'ENG1222'),
    ('TG/2023/1785', 'TCS1212'),
    ('TG/2023/1785', 'ICT1242'),
    ('TG/2023/1785', 'ICT1253'),
    ('TG/2023/1786', 'ICT1212'),
    ('TG/2023/1786', 'ICT1233'),
    ('TG/2023/1786', 'TMS1233'),
    ('TG/2023/1786', 'ICT1253'),
    ('TG/2023/1787', 'ENG1222'),
    ('TG/2023/1787', 'ICT1222'),
    ('TG/2023/1787', 'ICT1233'),
    ('TG/2023/1788', 'ICT1242'),
    ('TG/2023/1788', 'ICT1253'),
    ('TG/2023/1788', 'TCS1212'),
    ('TG/2023/1789', 'ICT1212'),
    ('TG/2023/1789', 'ICT1222'),
    ('TG/2023/1789', 'TMS1233'),
    ('TG/2023/1790', 'ENG1222'),
    ('TG/2023/1790', 'ICT1233'),
    ('TG/2023/1790', 'ICT1253');
INSERT INTO lecturer_course (lec_id, course_code, no_of_hours)
VALUES ('Lec_003', 'ICT1222', 5),
    ('Lec_004', 'ICT1233', 7),
    ('Lec_005', 'ICT1242', 3),
    ('Lec_006', 'ICT1253', 5),
    ('Lec_007', 'TMS1233', 7),
    ('Lec_009', 'ICT1212', 6),
    ('Lec_012', 'ICT1212', 6),
    ('Lec_012', 'ICT1233', 7),
    ('Lec_015', 'ENG1222', 5),
    ('Lec_016', 'TCS1212', 5);
INSERT INTO marks (
        mark_id,
        is_medical,
        assessment,
        mid_theory,
        mid_practical,
        final_theory,
        final_practical,
        quiz_01,
        quiz_02,
        quiz_03,
        reg_no,
        ref_no,
        course_code
    )
VALUES (
        'MARK_001',
        0,
        72.11,
        79.13,
        NULL,
        47.97,
        NULL,
        72.55,
        82.42,
        60.28,
        'TG/2023/1780',
        NULL,
        'ENG1222'
    ),
    (
        'MARK_002',
        0,
        65.28,
        63.22,
        NULL,
        67.60,
        NULL,
        50.84,
        57.29,
        81.17,
        'TG/2023/1781',
        NULL,
        'ENG1222'
    ),
    (
        'MARK_003',
        0,
        80.40,
        86.11,
        NULL,
        69.03,
        NULL,
        67.00,
        64.64,
        74.78,
        'TG/2023/1782',
        NULL,
        'ENG1222'
    ),
    (
        'MARK_004',
        0,
        86.30,
        72.20,
        NULL,
        82.18,
        NULL,
        75.80,
        87.00,
        62.34,
        'TG/2023/1783',
        NULL,
        'ENG1222'
    ),
    (
        'MARK_005',
        0,
        64.96,
        56.41,
        NULL,
        59.87,
        NULL,
        38.40,
        54.49,
        59.20,
        'TG/2023/1784',
        NULL,
        'ENG1222'
    ),
    (
        'MARK_006',
        0,
        69.50,
        66.19,
        NULL,
        66.09,
        NULL,
        75.87,
        68.73,
        73.74,
        'TG/2023/1785',
        NULL,
        'ENG1222'
    ),
    (
        'MARK_007',
        0,
        69.45,
        84.36,
        NULL,
        76.55,
        NULL,
        91.45,
        83.09,
        76.47,
        'TG/2023/1786',
        NULL,
        'ENG1222'
    ),
    (
        'MARK_008',
        0,
        76.27,
        65.20,
        NULL,
        73.25,
        NULL,
        58.49,
        59.11,
        54.54,
        'TG/2023/1787',
        NULL,
        'ENG1222'
    ),
    (
        'MARK_009',
        0,
        81.87,
        49.33,
        NULL,
        74.66,
        NULL,
        82.57,
        58.77,
        69.83,
        'TG/2023/1788',
        NULL,
        'ENG1222'
    ),
    (
        'MARK_010',
        0,
        63.24,
        40.43,
        NULL,
        42.09,
        NULL,
        51.51,
        50.61,
        63.58,
        'TG/2023/1789',
        NULL,
        'ENG1222'
    ),
    (
        'MARK_011',
        0,
        57.97,
        76.25,
        NULL,
        49.98,
        NULL,
        54.15,
        61.19,
        69.36,
        'TG/2023/1790',
        NULL,
        'ENG1222'
    ),
    (
        'MARK_012',
        0,
        57.77,
        63.66,
        NULL,
        36.59,
        NULL,
        66.28,
        44.03,
        NULL,
        'TG/2023/1791',
        NULL,
        'ENG1222'
    ),
    (
        'MARK_013',
        0,
        66.53,
        60.15,
        NULL,
        61.03,
        NULL,
        63.68,
        66.31,
        76.58,
        'TG/2023/1792',
        NULL,
        'ENG1222'
    ),
    (
        'MARK_014',
        0,
        46.32,
        58.37,
        NULL,
        52.37,
        NULL,
        38.78,
        61.03,
        47.12,
        'TG/2023/1793',
        NULL,
        'ENG1222'
    ),
    (
        'MARK_015',
        0,
        43.24,
        56.85,
        NULL,
        51.27,
        NULL,
        45.93,
        35.62,
        NULL,
        'TG/2023/1794',
        NULL,
        'ENG1222'
    ),
    (
        'MARK_016',
        0,
        78.23,
        71.79,
        NULL,
        77.58,
        NULL,
        82.35,
        70.82,
        81.15,
        'TG/2023/1795',
        NULL,
        'ENG1222'
    ),
    (
        'MARK_017',
        0,
        87.79,
        68.47,
        NULL,
        84.12,
        NULL,
        81.84,
        78.36,
        86.98,
        'TG/2023/1796',
        NULL,
        'ENG1222'
    ),
    (
        'MARK_018',
        0,
        59.54,
        43.22,
        NULL,
        64.03,
        NULL,
        52.02,
        68.46,
        47.58,
        'TG/2023/1797',
        NULL,
        'ENG1222'
    ),
    (
        'MARK_019',
        0,
        71.61,
        39.30,
        NULL,
        75.06,
        NULL,
        79.67,
        57.08,
        69.16,
        'TG/2023/1798',
        NULL,
        'ENG1222'
    ),
    (
        'MARK_020',
        0,
        53.56,
        74.84,
        NULL,
        58.44,
        NULL,
        43.85,
        76.05,
        63.73,
        'TG/2023/1799',
        NULL,
        'ENG1222'
    ),
    (
        'MARK_021',
        0,
        55.00,
        50.00,
        NULL,
        52.00,
        NULL,
        60.00,
        58.00,
        NULL,
        'TG/2023/1780',
        NULL,
        'ICT1212'
    ),
    (
        'MARK_022',
        0,
        85.00,
        78.00,
        NULL,
        82.00,
        NULL,
        88.00,
        84.00,
        NULL,
        'TG/2023/1781',
        NULL,
        'ICT1212'
    ),
    (
        'MARK_023',
        0,
        72.00,
        70.00,
        NULL,
        74.00,
        NULL,
        75.00,
        70.00,
        NULL,
        'TG/2023/1782',
        NULL,
        'ICT1212'
    ),
    (
        'MARK_024',
        0,
        60.00,
        58.00,
        NULL,
        62.00,
        NULL,
        65.00,
        60.00,
        NULL,
        'TG/2023/1783',
        NULL,
        'ICT1212'
    ),
    (
        'MARK_025',
        0,
        90.00,
        85.00,
        NULL,
        88.00,
        NULL,
        92.00,
        90.00,
        NULL,
        'TG/2023/1784',
        NULL,
        'ICT1212'
    ),
    (
        'MARK_026',
        0,
        65.00,
        60.00,
        NULL,
        68.00,
        NULL,
        70.00,
        66.00,
        NULL,
        'TG/2023/1785',
        NULL,
        'ICT1212'
    ),
    (
        'MARK_027',
        0,
        78.00,
        75.00,
        NULL,
        80.00,
        NULL,
        82.00,
        78.00,
        NULL,
        'TG/2023/1786',
        NULL,
        'ICT1212'
    ),
    (
        'MARK_028',
        0,
        50.00,
        45.00,
        NULL,
        52.00,
        NULL,
        55.00,
        50.00,
        NULL,
        'TG/2023/1787',
        NULL,
        'ICT1212'
    ),
    (
        'MARK_029',
        0,
        88.00,
        85.00,
        NULL,
        90.00,
        NULL,
        92.00,
        88.00,
        NULL,
        'TG/2023/1788',
        NULL,
        'ICT1212'
    ),
    (
        'MARK_030',
        0,
        62.00,
        60.00,
        NULL,
        65.00,
        NULL,
        66.00,
        63.00,
        NULL,
        'TG/2023/1789',
        NULL,
        'ICT1212'
    ),
    (
        'MARK_031',
        0,
        95.00,
        90.00,
        NULL,
        92.00,
        NULL,
        94.00,
        91.00,
        NULL,
        'TG/2023/1790',
        NULL,
        'ICT1212'
    ),
    (
        'MARK_032',
        0,
        70.00,
        68.00,
        NULL,
        72.00,
        NULL,
        74.00,
        70.00,
        NULL,
        'TG/2023/1791',
        NULL,
        'ICT1212'
    ),
    (
        'MARK_033',
        0,
        55.00,
        50.00,
        NULL,
        58.00,
        NULL,
        60.00,
        55.00,
        NULL,
        'TG/2023/1792',
        NULL,
        'ICT1212'
    ),
    (
        'MARK_034',
        0,
        80.00,
        78.00,
        NULL,
        82.00,
        NULL,
        85.00,
        80.00,
        NULL,
        'TG/2023/1793',
        NULL,
        'ICT1212'
    ),
    (
        'MARK_035',
        0,
        68.00,
        65.00,
        NULL,
        70.00,
        NULL,
        72.00,
        68.00,
        NULL,
        'TG/2023/1794',
        NULL,
        'ICT1212'
    ),
    (
        'MARK_036',
        0,
        75.00,
        70.00,
        NULL,
        78.00,
        NULL,
        80.00,
        75.00,
        NULL,
        'TG/2023/1795',
        NULL,
        'ICT1212'
    ),
    (
        'MARK_037',
        0,
        88.00,
        85.00,
        NULL,
        90.00,
        NULL,
        92.00,
        88.00,
        NULL,
        'TG/2023/1796',
        NULL,
        'ICT1212'
    ),
    (
        'MARK_038',
        0,
        60.00,
        55.00,
        NULL,
        62.00,
        NULL,
        65.00,
        60.00,
        NULL,
        'TG/2023/1797',
        NULL,
        'ICT1212'
    ),
    (
        'MARK_039',
        0,
        82.00,
        78.00,
        NULL,
        85.00,
        NULL,
        88.00,
        82.00,
        NULL,
        'TG/2023/1798',
        NULL,
        'ICT1212'
    ),
    (
        'MARK_040',
        0,
        70.00,
        68.00,
        NULL,
        72.00,
        NULL,
        74.00,
        70.00,
        NULL,
        'TG/2023/1799',
        NULL,
        'ICT1212'
    ),
    (
        'MARK_041',
        0,
        65.00,
        60.00,
        NULL,
        68.00,
        NULL,
        70.00,
        65.00,
        NULL,
        'TG/2023/1800',
        NULL,
        'ICT1212'
    ),
    (
        'MARK_042',
        1,
        50.00,
        NULL,
        48.00,
        NULL,
        52.00,
        55.00,
        50.00,
        NULL,
        'TG/2023/1780',
        'REF042',
        'ICT1222'
    ),
    (
        'MARK_043',
        0,
        82.00,
        NULL,
        78.00,
        NULL,
        80.00,
        85.00,
        82.00,
        80.00,
        'TG/2023/1781',
        NULL,
        'ICT1222'
    ),
    (
        'MARK_044',
        0,
        70.00,
        NULL,
        68.00,
        NULL,
        72.00,
        70.00,
        68.00,
        70.00,
        'TG/2023/1782',
        NULL,
        'ICT1222'
    ),
    (
        'MARK_045',
        1,
        55.00,
        NULL,
        52.00,
        NULL,
        58.00,
        NULL,
        55.00,
        57.00,
        'TG/2023/1783',
        'REF043',
        'ICT1222'
    ),
    (
        'MARK_046',
        0,
        90.00,
        NULL,
        85.00,
        NULL,
        88.00,
        92.00,
        90.00,
        88.00,
        'TG/2023/1784',
        NULL,
        'ICT1222'
    ),
    (
        'MARK_047',
        0,
        65.00,
        NULL,
        60.00,
        NULL,
        68.00,
        70.00,
        65.00,
        66.00,
        'TG/2023/1785',
        NULL,
        'ICT1222'
    ),
    (
        'MARK_048',
        0,
        78.00,
        NULL,
        75.00,
        NULL,
        80.00,
        82.00,
        78.00,
        79.00,
        'TG/2023/1786',
        NULL,
        'ICT1222'
    ),
    (
        'MARK_049',
        1,
        48.00,
        NULL,
        45.00,
        NULL,
        50.00,
        52.00,
        NULL,
        49.00,
        'TG/2023/1787',
        'REF044',
        'ICT1222'
    ),
    (
        'MARK_050',
        0,
        88.00,
        NULL,
        85.00,
        NULL,
        90.00,
        92.00,
        88.00,
        89.00,
        'TG/2023/1788',
        NULL,
        'ICT1222'
    ),
    (
        'MARK_051',
        0,
        62.00,
        NULL,
        60.00,
        NULL,
        65.00,
        66.00,
        62.00,
        63.00,
        'TG/2023/1789',
        NULL,
        'ICT1222'
    ),
    (
        'MARK_052',
        0,
        95.00,
        NULL,
        90.00,
        NULL,
        92.00,
        94.00,
        91.00,
        93.00,
        'TG/2023/1790',
        NULL,
        'ICT1222'
    ),
    (
        'MARK_053',
        0,
        70.00,
        NULL,
        68.00,
        NULL,
        72.00,
        74.00,
        70.00,
        71.00,
        'TG/2023/1791',
        NULL,
        'ICT1222'
    ),
    (
        'MARK_054',
        0,
        55.00,
        NULL,
        50.00,
        NULL,
        58.00,
        60.00,
        55.00,
        57.00,
        'TG/2023/1792',
        NULL,
        'ICT1222'
    ),
    (
        'MARK_055',
        0,
        80.00,
        NULL,
        78.00,
        NULL,
        82.00,
        85.00,
        80.00,
        82.00,
        'TG/2023/1793',
        NULL,
        'ICT1222'
    ),
    (
        'MARK_056',
        0,
        68.00,
        NULL,
        65.00,
        NULL,
        70.00,
        72.00,
        68.00,
        69.00,
        'TG/2023/1794',
        NULL,
        'ICT1222'
    ),
    (
        'MARK_057',
        0,
        75.00,
        NULL,
        70.00,
        NULL,
        78.00,
        80.00,
        75.00,
        77.00,
        'TG/2023/1795',
        NULL,
        'ICT1222'
    ),
    (
        'MARK_058',
        0,
        88.00,
        NULL,
        85.00,
        NULL,
        90.00,
        92.00,
        88.00,
        89.00,
        'TG/2023/1796',
        NULL,
        'ICT1222'
    ),
    (
        'MARK_059',
        0,
        60.00,
        NULL,
        55.00,
        NULL,
        62.00,
        65.00,
        60.00,
        61.00,
        'TG/2023/1797',
        NULL,
        'ICT1222'
    ),
    (
        'MARK_060',
        0,
        82.00,
        NULL,
        78.00,
        NULL,
        85.00,
        88.00,
        82.00,
        83.00,
        'TG/2023/1798',
        NULL,
        'ICT1222'
    ),
    (
        'MARK_061',
        0,
        70.00,
        NULL,
        68.00,
        NULL,
        72.00,
        74.00,
        70.00,
        71.00,
        'TG/2023/1799',
        NULL,
        'ICT1222'
    ),
    (
        'MARK_062',
        0,
        65.00,
        NULL,
        60.00,
        NULL,
        68.00,
        70.00,
        65.00,
        66.00,
        'TG/2023/1800',
        NULL,
        'ICT1222'
    ),
    (
        'MARK_063',
        1,
        35.00,
        NULL,
        38.00,
        36.00,
        40.00,
        38.00,
        35.00,
        36.00,
        'TG/2023/1780',
        'REF063',
        'ICT1233'
    ),
    (
        'MARK_064',
        0,
        88.00,
        85.00,
        90.00,
        87.00,
        92.00,
        90.00,
        88.00,
        89.00,
        'TG/2023/1781',
        NULL,
        'ICT1233'
    ),
    (
        'MARK_065',
        0,
        70.00,
        68.00,
        72.00,
        71.00,
        73.00,
        70.00,
        69.00,
        72.00,
        'TG/2023/1782',
        NULL,
        'ICT1233'
    ),
    (
        'MARK_066',
        1,
        40.00,
        38.00,
        35.00,
        42.00,
        40.00,
        36.00,
        NULL,
        40.00,
        'TG/2023/1783',
        'REF064',
        'ICT1233'
    ),
    (
        'MARK_067',
        0,
        92.00,
        90.00,
        95.00,
        91.00,
        94.00,
        92.00,
        90.00,
        93.00,
        'TG/2023/1784',
        NULL,
        'ICT1233'
    ),
    (
        'MARK_068',
        0,
        65.00,
        60.00,
        68.00,
        62.00,
        70.00,
        66.00,
        64.00,
        65.00,
        'TG/2023/1785',
        NULL,
        'ICT1233'
    ),
    (
        'MARK_069',
        0,
        75.00,
        70.00,
        78.00,
        72.00,
        80.00,
        74.00,
        72.00,
        75.00,
        'TG/2023/1786',
        NULL,
        'ICT1233'
    ),
    (
        'MARK_070',
        1,
        NULL,
        32.00,
        35.00,
        34.00,
        38.00,
        33.00,
        31.00,
        32.00,
        'TG/2023/1787',
        'REF065',
        'ICT1233'
    ),
    (
        'MARK_071',
        0,
        85.00,
        82.00,
        88.00,
        84.00,
        86.00,
        85.00,
        83.00,
        84.00,
        'TG/2023/1788',
        NULL,
        'ICT1233'
    ),
    (
        'MARK_072',
        0,
        62.00,
        60.00,
        65.00,
        63.00,
        66.00,
        61.00,
        62.00,
        63.00,
        'TG/2023/1789',
        NULL,
        'ICT1233'
    ),
    (
        'MARK_073',
        0,
        95.00,
        90.00,
        94.00,
        92.00,
        96.00,
        94.00,
        92.00,
        95.00,
        'TG/2023/1790',
        NULL,
        'ICT1233'
    ),
    (
        'MARK_074',
        0,
        70.00,
        68.00,
        72.00,
        71.00,
        73.00,
        70.00,
        69.00,
        72.00,
        'TG/2023/1791',
        NULL,
        'ICT1233'
    ),
    (
        'MARK_075',
        0,
        40.00,
        38.00,
        35.00,
        42.00,
        40.00,
        36.00,
        38.00,
        40.00,
        'TG/2023/1792',
        NULL,
        'ICT1233'
    ),
    (
        'MARK_076',
        0,
        80.00,
        78.00,
        82.00,
        79.00,
        85.00,
        82.00,
        80.00,
        81.00,
        'TG/2023/1793',
        NULL,
        'ICT1233'
    ),
    (
        'MARK_077',
        0,
        68.00,
        65.00,
        70.00,
        66.00,
        72.00,
        68.00,
        66.00,
        67.00,
        'TG/2023/1794',
        NULL,
        'ICT1233'
    ),
    (
        'MARK_078',
        0,
        75.00,
        70.00,
        78.00,
        72.00,
        80.00,
        74.00,
        72.00,
        75.00,
        'TG/2023/1795',
        NULL,
        'ICT1233'
    ),
    (
        'MARK_079',
        0,
        88.00,
        85.00,
        90.00,
        86.00,
        92.00,
        88.00,
        86.00,
        87.00,
        'TG/2023/1796',
        NULL,
        'ICT1233'
    ),
    (
        'MARK_080',
        0,
        35.00,
        32.00,
        38.00,
        36.00,
        40.00,
        34.00,
        35.00,
        36.00,
        'TG/2023/1797',
        NULL,
        'ICT1233'
    ),
    (
        'MARK_081',
        0,
        82.00,
        78.00,
        85.00,
        80.00,
        87.00,
        82.00,
        80.00,
        81.00,
        'TG/2023/1798',
        NULL,
        'ICT1233'
    ),
    (
        'MARK_082',
        0,
        70.00,
        68.00,
        72.00,
        71.00,
        73.00,
        70.00,
        69.00,
        72.00,
        'TG/2023/1799',
        NULL,
        'ICT1233'
    ),
    (
        'MARK_083',
        0,
        65.00,
        60.00,
        68.00,
        62.00,
        70.00,
        66.00,
        64.00,
        65.00,
        'TG/2023/1800',
        NULL,
        'ICT1233'
    ),
    (
        'MARK_084',
        1,
        35.00,
        32.00,
        NULL,
        NULL,
        NULL,
        34.00,
        32.00,
        NULL,
        'TG/2023/1780',
        'REF084',
        'ICT1242'
    ),
    (
        'MARK_085',
        0,
        88.00,
        85.00,
        NULL,
        90.00,
        NULL,
        88.00,
        85.00,
        NULL,
        'TG/2023/1781',
        NULL,
        'ICT1242'
    ),
    (
        'MARK_086',
        0,
        70.00,
        68.00,
        NULL,
        72.00,
        NULL,
        70.00,
        68.00,
        NULL,
        'TG/2023/1782',
        NULL,
        'ICT1242'
    ),
    (
        'MARK_087',
        1,
        40.00,
        38.00,
        NULL,
        42.00,
        NULL,
        40.00,
        NULL,
        NULL,
        'TG/2023/1783',
        'REF085',
        'ICT1242'
    ),
    (
        'MARK_088',
        0,
        92.00,
        90.00,
        NULL,
        94.00,
        NULL,
        92.00,
        90.00,
        NULL,
        'TG/2023/1784',
        NULL,
        'ICT1242'
    ),
    (
        'MARK_089',
        0,
        65.00,
        60.00,
        NULL,
        68.00,
        NULL,
        65.00,
        62.00,
        NULL,
        'TG/2023/1785',
        NULL,
        'ICT1242'
    ),
    (
        'MARK_090',
        0,
        75.00,
        70.00,
        NULL,
        78.00,
        NULL,
        75.00,
        72.00,
        NULL,
        'TG/2023/1786',
        NULL,
        'ICT1242'
    ),
    (
        'MARK_091',
        1,
        30.00,
        NULL,
        NULL,
        36.00,
        NULL,
        33.00,
        31.00,
        NULL,
        'TG/2023/1787',
        'REF086',
        'ICT1242'
    ),
    (
        'MARK_092',
        0,
        85.00,
        82.00,
        NULL,
        88.00,
        NULL,
        85.00,
        82.00,
        NULL,
        'TG/2023/1788',
        NULL,
        'ICT1242'
    ),
    (
        'MARK_093',
        0,
        62.00,
        60.00,
        NULL,
        65.00,
        NULL,
        62.00,
        60.00,
        NULL,
        'TG/2023/1789',
        NULL,
        'ICT1242'
    ),
    (
        'MARK_094',
        0,
        95.00,
        90.00,
        NULL,
        92.00,
        NULL,
        94.00,
        92.00,
        NULL,
        'TG/2023/1790',
        NULL,
        'ICT1242'
    ),
    (
        'MARK_095',
        0,
        70.00,
        68.00,
        NULL,
        72.00,
        NULL,
        70.00,
        68.00,
        NULL,
        'TG/2023/1791',
        NULL,
        'ICT1242'
    ),
    (
        'MARK_096',
        0,
        40.00,
        38.00,
        NULL,
        42.00,
        NULL,
        40.00,
        38.00,
        NULL,
        'TG/2023/1792',
        NULL,
        'ICT1242'
    ),
    (
        'MARK_097',
        0,
        80.00,
        78.00,
        NULL,
        82.00,
        NULL,
        80.00,
        78.00,
        NULL,
        'TG/2023/1793',
        NULL,
        'ICT1242'
    ),
    (
        'MARK_098',
        0,
        68.00,
        65.00,
        NULL,
        70.00,
        NULL,
        68.00,
        65.00,
        NULL,
        'TG/2023/1794',
        NULL,
        'ICT1242'
    ),
    (
        'MARK_099',
        0,
        75.00,
        70.00,
        NULL,
        78.00,
        NULL,
        75.00,
        72.00,
        NULL,
        'TG/2023/1795',
        NULL,
        'ICT1242'
    ),
    (
        'MARK_100',
        0,
        88.00,
        85.00,
        NULL,
        90.00,
        NULL,
        88.00,
        85.00,
        NULL,
        'TG/2023/1796',
        NULL,
        'ICT1242'
    ),
    (
        'MARK_101',
        0,
        35.00,
        32.00,
        NULL,
        38.00,
        NULL,
        34.00,
        32.00,
        NULL,
        'TG/2023/1797',
        NULL,
        'ICT1242'
    ),
    (
        'MARK_102',
        0,
        82.00,
        78.00,
        NULL,
        85.00,
        NULL,
        82.00,
        78.00,
        NULL,
        'TG/2023/1798',
        NULL,
        'ICT1242'
    ),
    (
        'MARK_103',
        0,
        70.00,
        68.00,
        NULL,
        72.00,
        NULL,
        70.00,
        68.00,
        NULL,
        'TG/2023/1799',
        NULL,
        'ICT1242'
    ),
    (
        'MARK_104',
        0,
        65.00,
        60.00,
        NULL,
        68.00,
        NULL,
        65.00,
        62.00,
        NULL,
        'TG/2023/1800',
        NULL,
        'ICT1242'
    ),
    (
        'MARK_105',
        1,
        38.00,
        35.00,
        40.00,
        36.00,
        39.00,
        37.00,
        NULL,
        38.00,
        'TG/2023/1780',
        'REF105',
        'ICT1253'
    ),
    (
        'MARK_106',
        0,
        88.00,
        85.00,
        90.00,
        87.00,
        92.00,
        88.00,
        86.00,
        87.00,
        'TG/2023/1781',
        NULL,
        'ICT1253'
    ),
    (
        'MARK_107',
        0,
        72.00,
        70.00,
        75.00,
        71.00,
        74.00,
        72.00,
        70.00,
        73.00,
        'TG/2023/1782',
        NULL,
        'ICT1253'
    ),
    (
        'MARK_108',
        1,
        32.00,
        30.00,
        35.00,
        34.00,
        36.00,
        32.00,
        31.00,
        NULL,
        'TG/2023/1783',
        'REF106',
        'ICT1253'
    ),
    (
        'MARK_109',
        0,
        92.00,
        90.00,
        95.00,
        91.00,
        94.00,
        92.00,
        90.00,
        93.00,
        'TG/2023/1784',
        NULL,
        'ICT1253'
    ),
    (
        'MARK_110',
        0,
        65.00,
        60.00,
        68.00,
        62.00,
        70.00,
        66.00,
        64.00,
        65.00,
        'TG/2023/1785',
        NULL,
        'ICT1253'
    ),
    (
        'MARK_111',
        0,
        75.00,
        70.00,
        78.00,
        72.00,
        80.00,
        74.00,
        72.00,
        75.00,
        'TG/2023/1786',
        NULL,
        'ICT1253'
    ),
    (
        'MARK_112',
        1,
        30.00,
        32.00,
        35.00,
        34.00,
        NULL,
        31.00,
        32.00,
        33.00,
        'TG/2023/1787',
        'REF107',
        'ICT1253'
    ),
    (
        'MARK_113',
        0,
        85.00,
        82.00,
        88.00,
        84.00,
        86.00,
        83.00,
        84.00,
        85.00,
        'TG/2023/1788',
        NULL,
        'ICT1253'
    ),
    (
        'MARK_114',
        0,
        62.00,
        60.00,
        65.00,
        63.00,
        66.00,
        61.00,
        62.00,
        63.00,
        'TG/2023/1789',
        NULL,
        'ICT1253'
    ),
    (
        'MARK_115',
        0,
        95.00,
        90.00,
        94.00,
        92.00,
        96.00,
        94.00,
        92.00,
        95.00,
        'TG/2023/1790',
        NULL,
        'ICT1253'
    ),
    (
        'MARK_116',
        0,
        70.00,
        68.00,
        72.00,
        71.00,
        73.00,
        70.00,
        69.00,
        72.00,
        'TG/2023/1791',
        NULL,
        'ICT1253'
    ),
    (
        'MARK_117',
        0,
        40.00,
        38.00,
        35.00,
        42.00,
        40.00,
        39.00,
        38.00,
        40.00,
        'TG/2023/1792',
        NULL,
        'ICT1253'
    ),
    (
        'MARK_118',
        0,
        80.00,
        78.00,
        82.00,
        79.00,
        85.00,
        81.00,
        80.00,
        82.00,
        'TG/2023/1793',
        NULL,
        'ICT1253'
    ),
    (
        'MARK_119',
        0,
        68.00,
        65.00,
        70.00,
        66.00,
        72.00,
        67.00,
        66.00,
        68.00,
        'TG/2023/1794',
        NULL,
        'ICT1253'
    ),
    (
        'MARK_120',
        0,
        75.00,
        70.00,
        78.00,
        72.00,
        80.00,
        73.00,
        72.00,
        75.00,
        'TG/2023/1795',
        NULL,
        'ICT1253'
    ),
    (
        'MARK_121',
        0,
        88.00,
        85.00,
        90.00,
        86.00,
        92.00,
        87.00,
        86.00,
        88.00,
        'TG/2023/1796',
        NULL,
        'ICT1253'
    ),
    (
        'MARK_122',
        0,
        35.00,
        32.00,
        38.00,
        36.00,
        40.00,
        34.00,
        35.00,
        36.00,
        'TG/2023/1797',
        NULL,
        'ICT1253'
    ),
    (
        'MARK_123',
        0,
        82.00,
        78.00,
        85.00,
        80.00,
        87.00,
        81.00,
        82.00,
        83.00,
        'TG/2023/1798',
        NULL,
        'ICT1253'
    ),
    (
        'MARK_124',
        0,
        70.00,
        68.00,
        72.00,
        71.00,
        73.00,
        70.00,
        69.00,
        72.00,
        'TG/2023/1799',
        NULL,
        'ICT1253'
    ),
    (
        'MARK_125',
        0,
        65.00,
        60.00,
        68.00,
        62.00,
        70.00,
        64.00,
        65.00,
        66.00,
        'TG/2023/1800',
        NULL,
        'ICT1253'
    ),
    (
        'MARK_126',
        1,
        35.00,
        32.00,
        NULL,
        36.00,
        NULL,
        34.00,
        NULL,
        NULL,
        'TG/2023/1780',
        'REF126',
        'TCS1212'
    ),
    (
        'MARK_127',
        0,
        88.00,
        85.00,
        NULL,
        90.00,
        NULL,
        88.00,
        85.00,
        NULL,
        'TG/2023/1781',
        NULL,
        'TCS1212'
    ),
    (
        'MARK_128',
        0,
        70.00,
        68.00,
        NULL,
        72.00,
        NULL,
        70.00,
        68.00,
        NULL,
        'TG/2023/1782',
        NULL,
        'TCS1212'
    ),
    (
        'MARK_129',
        1,
        40.00,
        NULL,
        NULL,
        42.00,
        NULL,
        40.00,
        38.00,
        NULL,
        'TG/2023/1783',
        'REF127',
        'TCS1212'
    ),
    (
        'MARK_130',
        0,
        92.00,
        90.00,
        NULL,
        94.00,
        NULL,
        92.00,
        90.00,
        NULL,
        'TG/2023/1784',
        NULL,
        'TCS1212'
    ),
    (
        'MARK_131',
        0,
        65.00,
        60.00,
        NULL,
        68.00,
        NULL,
        65.00,
        62.00,
        NULL,
        'TG/2023/1785',
        NULL,
        'TCS1212'
    ),
    (
        'MARK_132',
        0,
        75.00,
        70.00,
        NULL,
        78.00,
        NULL,
        75.00,
        72.00,
        NULL,
        'TG/2023/1786',
        NULL,
        'TCS1212'
    ),
    (
        'MARK_133',
        1,
        30.00,
        32.00,
        NULL,
        36.00,
        NULL,
        33.00,
        NULL,
        NULL,
        'TG/2023/1787',
        'REF128',
        'TCS1212'
    ),
    (
        'MARK_134',
        0,
        85.00,
        82.00,
        NULL,
        88.00,
        NULL,
        85.00,
        82.00,
        NULL,
        'TG/2023/1788',
        NULL,
        'TCS1212'
    ),
    (
        'MARK_135',
        0,
        62.00,
        60.00,
        NULL,
        65.00,
        NULL,
        62.00,
        60.00,
        NULL,
        'TG/2023/1789',
        NULL,
        'TCS1212'
    ),
    (
        'MARK_136',
        0,
        95.00,
        90.00,
        NULL,
        92.00,
        NULL,
        94.00,
        92.00,
        NULL,
        'TG/2023/1790',
        NULL,
        'TCS1212'
    ),
    (
        'MARK_137',
        0,
        70.00,
        68.00,
        NULL,
        72.00,
        NULL,
        70.00,
        68.00,
        NULL,
        'TG/2023/1791',
        NULL,
        'TCS1212'
    ),
    (
        'MARK_138',
        0,
        40.00,
        38.00,
        NULL,
        42.00,
        NULL,
        40.00,
        38.00,
        NULL,
        'TG/2023/1792',
        NULL,
        'TCS1212'
    ),
    (
        'MARK_139',
        0,
        80.00,
        78.00,
        NULL,
        82.00,
        NULL,
        80.00,
        78.00,
        NULL,
        'TG/2023/1793',
        NULL,
        'TCS1212'
    ),
    (
        'MARK_140',
        0,
        68.00,
        65.00,
        NULL,
        70.00,
        NULL,
        68.00,
        65.00,
        NULL,
        'TG/2023/1794',
        NULL,
        'TCS1212'
    ),
    (
        'MARK_141',
        0,
        75.00,
        70.00,
        NULL,
        78.00,
        NULL,
        75.00,
        72.00,
        NULL,
        'TG/2023/1795',
        NULL,
        'TCS1212'
    ),
    (
        'MARK_142',
        0,
        88.00,
        85.00,
        NULL,
        90.00,
        NULL,
        88.00,
        85.00,
        NULL,
        'TG/2023/1796',
        NULL,
        'TCS1212'
    ),
    (
        'MARK_143',
        0,
        35.00,
        32.00,
        NULL,
        38.00,
        NULL,
        34.00,
        32.00,
        NULL,
        'TG/2023/1797',
        NULL,
        'TCS1212'
    ),
    (
        'MARK_144',
        0,
        82.00,
        78.00,
        NULL,
        85.00,
        NULL,
        82.00,
        78.00,
        NULL,
        'TG/2023/1798',
        NULL,
        'TCS1212'
    ),
    (
        'MARK_145',
        0,
        70.00,
        68.00,
        NULL,
        72.00,
        NULL,
        70.00,
        68.00,
        NULL,
        'TG/2023/1799',
        NULL,
        'TCS1212'
    ),
    (
        'MARK_146',
        0,
        65.00,
        60.00,
        NULL,
        68.00,
        NULL,
        65.00,
        62.00,
        NULL,
        'TG/2023/1800',
        NULL,
        'TCS1212'
    ),
    (
        'MARK_147',
        1,
        38.00,
        35.00,
        NULL,
        36.00,
        NULL,
        34.00,
        36.00,
        NULL,
        'TG/2023/1780',
        'REF147',
        'TMS1233'
    ),
    (
        'MARK_148',
        0,
        88.00,
        85.00,
        NULL,
        90.00,
        NULL,
        88.00,
        85.00,
        NULL,
        'TG/2023/1781',
        NULL,
        'TMS1233'
    ),
    (
        'MARK_149',
        0,
        70.00,
        68.00,
        NULL,
        72.00,
        NULL,
        70.00,
        68.00,
        NULL,
        'TG/2023/1782',
        NULL,
        'TMS1233'
    ),
    (
        'MARK_150',
        1,
        32.00,
        30.00,
        NULL,
        34.00,
        NULL,
        32.00,
        31.00,
        NULL,
        'TG/2023/1783',
        'REF148',
        'TMS1233'
    ),
    (
        'MARK_151',
        0,
        92.00,
        90.00,
        NULL,
        94.00,
        NULL,
        92.00,
        90.00,
        NULL,
        'TG/2023/1784',
        NULL,
        'TMS1233'
    ),
    (
        'MARK_152',
        0,
        65.00,
        60.00,
        NULL,
        68.00,
        NULL,
        65.00,
        62.00,
        NULL,
        'TG/2023/1785',
        NULL,
        'TMS1233'
    ),
    (
        'MARK_153',
        0,
        75.00,
        70.00,
        NULL,
        78.00,
        NULL,
        75.00,
        72.00,
        NULL,
        'TG/2023/1786',
        NULL,
        'TMS1233'
    ),
    (
        'MARK_154',
        1,
        30.00,
        32.00,
        NULL,
        34.00,
        NULL,
        31.00,
        32.00,
        NULL,
        'TG/2023/1787',
        'REF149',
        'TMS1233'
    ),
    (
        'MARK_155',
        0,
        85.00,
        82.00,
        NULL,
        88.00,
        NULL,
        85.00,
        82.00,
        NULL,
        'TG/2023/1788',
        NULL,
        'TMS1233'
    ),
    (
        'MARK_156',
        0,
        62.00,
        60.00,
        NULL,
        65.00,
        NULL,
        62.00,
        60.00,
        NULL,
        'TG/2023/1789',
        NULL,
        'TMS1233'
    ),
    (
        'MARK_157',
        0,
        95.00,
        90.00,
        NULL,
        92.00,
        NULL,
        94.00,
        92.00,
        NULL,
        'TG/2023/1790',
        NULL,
        'TMS1233'
    ),
    (
        'MARK_158',
        0,
        70.00,
        68.00,
        NULL,
        72.00,
        NULL,
        70.00,
        68.00,
        NULL,
        'TG/2023/1791',
        NULL,
        'TMS1233'
    ),
    (
        'MARK_159',
        0,
        40.00,
        38.00,
        NULL,
        42.00,
        NULL,
        40.00,
        38.00,
        NULL,
        'TG/2023/1792',
        NULL,
        'TMS1233'
    ),
    (
        'MARK_160',
        0,
        80.00,
        78.00,
        NULL,
        82.00,
        NULL,
        80.00,
        78.00,
        NULL,
        'TG/2023/1793',
        NULL,
        'TMS1233'
    ),
    (
        'MARK_161',
        0,
        68.00,
        65.00,
        NULL,
        70.00,
        NULL,
        68.00,
        65.00,
        NULL,
        'TG/2023/1794',
        NULL,
        'TMS1233'
    ),
    (
        'MARK_162',
        0,
        75.00,
        70.00,
        NULL,
        78.00,
        NULL,
        75.00,
        72.00,
        NULL,
        'TG/2023/1795',
        NULL,
        'TMS1233'
    ),
    (
        'MARK_163',
        0,
        88.00,
        85.00,
        NULL,
        90.00,
        NULL,
        88.00,
        85.00,
        NULL,
        'TG/2023/1796',
        NULL,
        'TMS1233'
    ),
    (
        'MARK_164',
        0,
        35.00,
        32.00,
        NULL,
        36.00,
        NULL,
        34.00,
        32.00,
        NULL,
        'TG/2023/1797',
        NULL,
        'TMS1233'
    ),
    (
        'MARK_165',
        0,
        82.00,
        78.00,
        NULL,
        85.00,
        NULL,
        82.00,
        78.00,
        NULL,
        'TG/2023/1798',
        NULL,
        'TMS1233'
    ),
    (
        'MARK_166',
        0,
        70.00,
        68.00,
        NULL,
        72.00,
        NULL,
        70.00,
        68.00,
        NULL,
        'TG/2023/1799',
        NULL,
        'TMS1233'
    ),
    (
        'MARK_167',
        0,
        65.00,
        60.00,
        NULL,
        68.00,
        NULL,
        65.00,
        62.00,
        NULL,
        'TG/2023/1800',
        NULL,
        'TMS1233'
    );










-------adhikai 



INSERT INTO attendance (
        attendance_id,
        week_no,
        status,
        reg_no,
        course_code,
        ref_no
    )
VALUES (
        'ATT_001',
        10,
        'Present',
        'TG/2023/1780',
        'TMS1233',
        NULL
    ),
    (
        'ATT_002',
        1,
        'Present',
        'TG/2023/1781',
        'ICT1222',
        NULL
    ),
    (
        'ATT_003',
        5,
        'Absent',
        'TG/2023/1782',
        'ICT1212',
        NULL
    ),
    (
        'ATT_004',
        1,
        'Present',
        'TG/2023/1783',
        'ICT1253',
        NULL
    ),
    (
        'ATT_005',
        12,
        'Present',
        'TG/2023/1784',
        'ICT1222',
        NULL
    ),
    (
        'ATT_006',
        1,
        'Medical',
        'TG/2023/1780',
        'ICT1212',
        'REF001'
    ),
    (
        'ATT_007',
        2,
        'Medical',
        'TG/2023/1783',
        'ICT1212',
        'REF002'
    ),
    (
        'ATT_008',
        3,
        'Medical',
        'TG/2023/1787',
        'ICT1233',
        'REF003'
    ),
    (
        'ATT_009',
        6,
        'Present',
        'TG/2023/1785',
        'ICT1222',
        NULL
    ),
    (
        'ATT_010',
        2,
        'Absent',
        'TG/2023/1786',
        'ENG1222',
        NULL
    ),
    (
        'ATT_011',
        3,
        'Present',
        'TG/2023/1788',
        'ICT1242',
        NULL
    ),
    (
        'ATT_012',
        13,
        'Absent',
        'TG/2023/1789',
        'ICT1242',
        NULL
    ),
    (
        'ATT_013',
        4,
        'Present',
        'TG/2023/1790',
        'ICT1253',
        NULL
    ),
    (
        'ATT_014',
        4,
        'Absent',
        'TG/2023/1791',
        'ICT1253',
        NULL
    ),
    (
        'ATT_015',
        5,
        'Present',
        'TG/2023/1792',
        'ICT1233',
        NULL
    );
INSERT INTO student_guardian (
        reg_no,
        guardian_id,
        name,
        contact_no,
        relationship,
        occupation
    )
VALUES (
        'TG/2023/1780',
        'G_1780_01',
        'Kamal Perera',
        '0771234567',
        'Father',
        'Engineer'
    ),
    (
        'TG/2023/1780',
        'G_1780_02',
        'Nayana Perera',
        '0712345678',
        'Mother',
        'Teacher'
    ),
    (
        'TG/2023/1781',
        'G_1781_01',
        'Sunil Fernando',
        '0723456789',
        'Father',
        'Doctor'
    ),
    (
        'TG/2023/1782',
        'G_1782_01',
        'Priya Wijeratne',
        '0734567890',
        'Mother',
        'Accountant'
    ),
    (
        'TG/2023/1783',
        'G_1783_01',
        'Ranil Rajapaksha',
        '0745678901',
        'Father',
        'Business'
    ),
    (
        'TG/2023/1784',
        'G_1784_01',
        'Chamara Senanayake',
        '0756789012',
        'Father',
        'Government Officer'
    ),
    (
        'TG/2023/1785',
        'G_1785_01',
        'Sanjaya Perera',
        '0767890123',
        'Father',
        'Bank Manager'
    ),
    (
        'TG/2023/1786',
        'G_1786_01',
        'Lakmal Fernando',
        '0778901234',
        'Father',
        'Architect'
    ),
    (
        'TG/2023/1787',
        'G_1787_01',
        'Nimal Kumarasinghe',
        '0789012345',
        'Father',
        'Software Engineer'
    ),
    (
        'TG/2023/1788',
        'G_1788_01',
        'Anura De Silva',
        '0790123456',
        'Father',
        'Professor'
    ),
    (
        'TG/2023/1789',
        'G_1789_01',
        'Sarath Jayasinghe',
        '0701234567',
        'Father',
        'Military Officer'
    ),
    (
        'TG/2023/1790',
        'G_1790_01',
        'Bandara Gunawardena',
        '0712345678',
        'Father',
        'Pilot'
    );
    



--to get all attendence

SET @att_no = 1000;

INSERT INTO attendance (attendance_id, week_no, session_type, status, reg_no, course_code, ref_no)
SELECT
    CONCAT('ATT_', LPAD(@att_no := @att_no + 1, 4, '0')) AS attendance_id,
    w.week_no,
    CASE 
        WHEN cu.type = 'Theory' THEN 'Theory'
        WHEN cu.type = 'Practical' THEN 'Practical'
        WHEN cu.type = 'Both' AND tp.session = 1 THEN 'Theory'
        WHEN cu.type = 'Both' AND tp.session = 2 THEN 'Practical'
    END AS session_type,
    CASE
        WHEN RAND() < 0.80 THEN 'Present'
        WHEN RAND() < 0.95 THEN 'Absent'
        ELSE 'Medical'
    END AS status,
    sc.reg_no,
    sc.course_code,
    NULL AS ref_no
FROM student_course sc
JOIN course_unit cu ON sc.course_code = cu.course_code
CROSS JOIN (
    SELECT 1 AS week_no UNION SELECT 2 UNION SELECT 3 UNION SELECT 4 UNION SELECT 5 UNION
    SELECT 6 UNION SELECT 7 UNION SELECT 8 UNION SELECT 9 UNION SELECT 10 UNION
    SELECT 11 UNION SELECT 12 UNION SELECT 13 UNION SELECT 14 UNION SELECT 15
) w
CROSS JOIN (
    SELECT 1 AS session UNION SELECT 2
) tp
WHERE
    (cu.type IN ('Theory', 'Practical') AND tp.session = 1)
    OR
    (cu.type = 'Both');



-- razim

INSERT INTO student_course (reg_no, course_code)
SELECT s.reg_no, cu.course_code
FROM student s
CROSS JOIN course_unit cu
LEFT JOIN student_course sc
       ON sc.reg_no = s.reg_no AND sc.course_code = cu.course_code
WHERE s.reg_no LIKE 'TG/2023/%'
  AND sc.reg_no IS NULL;




  INSERT INTO student_course (reg_no, course_code)
SELECT t.reg_no, t.course_code
FROM (
    SELECT s.reg_no, cu.course_code,
           ROW_NUMBER() OVER (PARTITION BY s.reg_no ORDER BY RAND()) AS rn
    FROM student s
    CROSS JOIN course_unit cu
    WHERE s.reg_no LIKE 'TG/2022/%'
) AS t
LEFT JOIN student_course sc
       ON sc.reg_no = t.reg_no AND sc.course_code = t.course_code
WHERE t.rn <= 2
  AND sc.reg_no IS NULL;

